<?xml version="1.0" encoding="UTF-8" standalone="yes"?>
<addon id="hey.kodi" name="Hey Kodi" version="0.9" provider-name="mjazbc">
  <requires>
    <import addon="xbmc.python" version="2.26.0"/>
  </requires>
  <extension point="xbmc.python.library">
    <provides>executable</provides>
  </extension>
  <extension point="xbmc.addon.metadata">
    <summary lang="en_GB">Your add-on's summary</summary>
    <description lang="en_GB">Your add-on's description</description>
    <disclaimer lang="en_GB"></disclaimer>
    <language>en</language> <!-- the language of the videos or other content the plugin provides, may be omitted in case the addon does not provide any content -->
    <platform>all</platform>
    <license>GPL-2.0-or-later</license>
    <source>http://github.com/mjazbc/hey-hodi</source>
    <news>v0.0.9
      [new] test
    </news>
    <assets>
        <icon>resources/icon.png</icon>
        <fanart>resources/fanart.jpg</fanart>
    </assets>
  </extension>
</addon>