<?xml version="1.0" encoding="UTF-8" standalone="yes"?>
<addon id="script.heykodi" name="Hey Kodi" version="0.9.6" provider-name="mjazbc">
  <requires>
    <import addon="xbmc.python" version="2.26.0"/>
  </requires>
  <extension point="xbmc.python.library">
    <provides>executable</provides>
  </extension>
  <extension point="xbmc.addon.metadata">
    <summary lang="en_GB">Scripts to be executed by iOS Shortcuts</summary>
    <description lang="en_GB">Your add-on's description</description>
    <disclaimer lang="en_GB"></disclaimer>
    <platform>all</platform>
    <license>GPL-2.0-or-later</license>
    <source>http://github.com/mjazbc/hey-hodi</source>
    <news>
    </news>
    <assets>
        <icon>resources/icon.png</icon>
    </assets>
  </extension>
</addon>